Filename,Avg_nDCG@5,Avg_nDCG@10,Avg_nDCG@50
output-file,0.4308452844489323,0.42329257534247144,0.43944631550034274
