Filename,Avg_nDCG@5,Avg_nDCG@10,Avg_nDCG@50
output-file,0.42684969791728694,0.43008092473119097,0.4398483976686241
