Filename,Avg_nDCG@5,Avg_nDCG@10,Avg_nDCG@50
output-file,0.40741940621077705,0.42010774215392144,0.43175685474259407
