Filename,Avg_nDCG@5,Avg_nDCG@10,Avg_nDCG@50
output-file,0.4273381980372381,0.423834421066937,0.43835741372928333
