Filename,Avg_nDCG@5,Avg_nDCG@10,Avg_nDCG@50
output-file,0.4255829485161439,0.42240263066363276,0.4378222432000211
