Filename,Avg_nDCG@5,Avg_nDCG@10,Avg_nDCG@50
output-file,0.39812554858830645,0.41442172763139085,0.437579020170998
