Filename,Avg_nDCG@5,Avg_nDCG@10,Avg_nDCG@50
output-file,0.37525710752336844,0.37428553793484554,0.41367421544240174
